username,id_playlist
btart0,1
gmaccaghan1,2
blannen2,3
rhallihane3,4
ucanti4,5
amckinna5,6
mlawless6,7
ssowersby7,8
hmcneilly8,9
nshobrook9,10
eallerya,11
ngasparrob,12
erableauc,13
ihusthwaited,14
nbeaglese,15
amintof,16
emingaudg,17
aspallsh,18
nvandrilli,19
wslymanj,20
tmattheeuwk,21
abrigdenl,22
jsarginsonm,23
hwatern,24
ppolgreeno,25
gbanthamp,26
rvarkerq,27
lochterlonyr,28
vkennfords,29
gvassert,30
dbarnsonu,31
mbowderyv,32
vodeeganw,33
mabbiex,34
asutherany,35
tseacroftz,36
khanburybrown10,37
kjacobovitch11,38
ablasik12,39
vburnes13,40
sburleton14,41
rforsdike15,42
vpownall16,43
joakwell17,44
cscurlock18,45
asulter19,46
mrunnicles1a,47
sbaudet1b,48
aleadbetter1c,49
dfeldheim1d,50
zheningam1e,51
cdavitashvili1f,52
mfrisel1g,53
esimmance1h,54
scollidge1i,55
kgonthier1j,56
amclaverty1k,57
mwedgbrow1l,58
sbernardeau1m,59
prainey1n,60
lotuohy1o,61
atight1p,62
bskerritt1q,63
aguerre1r,64
atizzard1s,65
echislett1t,66
dbenninck1u,67
ceacott1v,68
gjamison1w,69
lvarrow1x,70
eragsdall1y,71
agrut1z,72
lsifflett20,73
msaladin21,74
dwhitney22,75
gcrawshaw23,76
ahanretty24,77
iwoodberry25,78
ltesauro26,79
lhaug27,80
ktall28,81
hkloska29,82
kguinane2a,83
lleopold2b,84
pspinelli2c,85
jbligh2d,86
areedshaw2e,87
aduns2f,88
mmorant2g,89
sricca2h,90
ewhitbread2i,91
ctybalt2j,92
lravenscroftt2k,93
ccranstoun2l,94
pjaycock2m,95
sroncelli2n,96
bvanderbeek2o,97
lhaulkham2p,98
meagles2q,99
efenner2r,100
lminto2s,101
dgerrietz2t,102
nquayle2u,103
mbourgour2v,104
msiddeley2w,105
cmedina2x,106
kmacqueen2y,107
sflecknoe2z,108
mgreenhowe30,109
ferrigo31,110
pstanlack32,111
hgrinaugh33,112
fcowins34,113
hlivzey35,114
dremon36,115
lbulman37,116
ssalan38,117
fprichet39,118
jmacaskie3a,119
mcamerello3b,120
emannock3c,121
gworboys3d,122
ishilladay3e,123
aenrietto3f,124
nsemour3g,125
edjurisic3h,126
fayars3i,127
wplott3j,128
mmerington3k,129
npuncher3l,130
mcaulcott3m,131
qguage3n,132
hbootyman3o,133
mgraser3p,134
kbruin3q,135
awaggitt3r,136
cwaren3s,137
csawford3t,138
rduffit3u,139
bandreoletti3v,140
tgadsden3w,141
mdomsalla3x,142
aaccomb3y,143
abrabban3z,144
bplaide40,145
adenizet41,146
mquartly42,147
novitts43,148
ggleder44,149
brought45,150
dlace46,151
sverillo47,152
mmariyushkin48,153
awestfield49,154
ctugwell4a,155
ptolchar4b,156
atorrie4c,157
kdennerly4d,158
ccornil4e,159
bcollocott4f,160
dlukesch4g,161
nrubenovic4h,162
vsunners4i,163
bfloat4j,164
pkhilkov4k,165
wassandri4l,166
sinstock4m,167
blesarr4n,168
nironside4o,169
belmes4p,170
mtrudgian4q,171
drudland4r,172
kcommucci4s,173
mmichelin4t,174
pkrzyzaniak4u,175
laloshechkin4v,176
mpennycuick4w,177
wtebbe4x,178
maudibert4y,179
bgoosnell4z,180
dmawer50,181
nhampton51,182
eduff52,183
dlunt53,184
ndomeney54,185
tarnke55,186
gsteutly56,187
fstorrock57,188
eclowton58,189
omecco59,190
bhindes5a,191
wallerton5b,192
aheersma5c,193
gfaragher5d,194
mbaptiste5e,195
aanstice5f,196
ccornu5g,197
nzanelli5h,198
cmacmearty5i,199
dkezor5j,200
agladden5k,201
amartinon5l,202
bsmullen5m,203
hmckeran5n,204
vkobpac5o,205
lvallance5p,206
dlutsch5q,207
keastman5r,208
jpeerman5s,209
bmenguy5t,210
lbeckhurst5u,211
msyfax5v,212
smattosoff5w,213
nginie5x,214
molenchikov5y,215
belfleet5z,216
kwaddington60,217
ikneath61,218
gcosgrove62,219
fbernini63,220
aspindler64,221
mcathrae65,222
mcecchetelli66,223
kkirrage67,224
rcozzi68,225
mregenhardt69,226
earbor6a,227
cewington6b,228
nstroban6c,229
sstading6d,230
ctissell6e,231
gfaucherand6f,232
msketch6g,233
pbouts6h,234
mblackston6i,235
mkryszkiecicz6j,236
bwoolcocks6k,237
lklimes6l,238
fmcknockiter6m,239
staggart6n,240
wsumpton6o,241
grumgay6p,242
jkilligrew6q,243
gharkness6r,244
kcloughton6s,245
dduesbury6t,246
mshirtliff6u,247
reskrigge6v,248
eentissle6w,249
rkettlestringe6x,250
bleestut6y,251
rrossbrook6z,252
shagger70,253
ckleeborn71,254
pstarkings72,255
bgoldhill73,256
shegerty74,257
sbrackenridge75,258
cloveitt76,259
odimitrijevic77,260
lskahill78,261
rendersby79,262
dolney7a,263
hlangsbury7b,264
ajosupeit7c,265
jsaturley7d,266
goheagertie7e,267
zlansley7f,268
cjeavons7g,269
avauls7h,270
aocorr7i,271
ktriswell7j,272
jjunkison7k,273
atallach7l,274
ffealey7m,275
sslessar7n,276
pmctaggart7o,277
rlakenton7p,278
epersian7q,279
jdenizet7r,280
tkendrick7s,281
wcourtier7t,282
cmarston7u,283
jolsen7v,284
asalazar7w,285
sbanasik7x,286
hmansfield7y,287
comoylan7z,288
aperkis80,289
gjebb81,290
mpeealess82,291
rmcgeachie83,292
apepperrall84,293
rbroddle85,294
ksalkild86,295
mcadogan87,296
agood88,297
heck89,298
dhumfrey8a,299
nbembrigg8b,300
jmebes8c,301
rohearn8d,302
ganmore8e,303
dseelbach8f,304
voverill8g,305
dvase8h,306
nverrier8i,307
cfawdrey8j,308
lstoney8k,309
lmeachan8l,310
ehorstead8m,311
mgorvin8n,312
abuckby8o,313
dvannoni8p,314
rsandilands8q,315
rbrahams8r,316
mkulic8s,317
scalifornia8t,318
rleonards8u,319
srevill8v,320
chasker8w,321
ttrickey8x,322
lchappell8y,323
mminards8z,324
gfencott90,325
sroaf91,326
bbatha92,327
mdignam93,328
bwhewill94,329
rmethringham95,330
mvinnick96,331
gdudbridge97,332
murlin98,333
fstoeck99,334
rriseborough9a,335
cuphill9b,336
mgerdts9c,337
etuckett9d,338
emohan9e,339
dpellissier9f,340
rmacmichael9g,341
lgrishinov9h,342
eragborne9i,343
tfirmage9j,344
fbruin9k,345
tforrest9l,346
ldowdall9m,347
mcreamen9n,348
mlagde9o,349
bwillcot9p,350
sduffy9q,351
ccecchi9r,352
cgircke9s,353
drenton9t,354
rvotier9u,355
ggrane9v,356
skeating9w,357
bstandidge9x,358
iskipton9y,359
mgavini9z,360
sglasbya0,361
dnassya1,362
dbeardsa2,363
rpawsona3,364
ocullingtona4,365
rsculphera5,366
gmineara6,367
lschonfeldera7,368
rgamagea8,369
ablowesa9,370
bgodsmarkaa,371
ljorinab,372
ldeatonac,373
kcrosstonad,374
owhitakerae,375
edyneaf,376
csamwyseag,377
bbigginsah,378
asauraai,379
lmanbyaj,380
cantonazziak,381
dfilinkoval,382
mmaccrannam,383
splacstonean,384
gdargueao,385
cparcellsap,386
cwilmingtonaq,387
fdorantar,388
xlabadinias,389
raltimasat,390
bpreshoau,391
kmacliseav,392
sbrosemanaw,393
ushiresax,394
rbiasettiay,395
jmatijevicaz,396
ayakebowitchb0,397
fgaffonb1,398
rhebbleb2,399
mfairchildb3,400
dborzonib4,401
dturfesb5,402
kkenwrickb6,403
rolenikovb7,404
egreerb8,405
mpawelsb9,406
sealesba,407
bmcalroybb,408
rmarjotbc,409
twilcottbd,410
yotoweybe,411
asamartbf,412
sblaszczakbg,413
cthewlisbh,414
gdoldenbi,415
iaronbj,416
dkrollmannbk,417
fruppelbl,418
wtruggianbm,419
zwakefordbn,420
gjordesonbo,421
kohingertybp,422
ahalpeinebq,423
ajickellsbr,424
cchetwyndbs,425
mgadiebt,426
cmcilwreathbu,427
smurtellbv,428
wcowpbw,429
swestmorebx,430
lnewdickby,431
carrigobz,432
mpikec0,433
hbonyc1,434
dwillimentc2,435
ldefewc3,436
ggrenfellc4,437
gceaplenc5,438
fwinkc6,439
tlocketc7,440
sdixonc8,441
cizzettc9,442
kroachca,443
fschustlcb,444
nbeddallcc,445
dmeasecd,446
cfortescuece,447
aselwoodcf,448
twapolcg,449
dcrumbch,450
tciementinici,451
ldavidescocj,452
amerrillck,453
nfreynecl,454
jyushkovcm,455
mmapplebeckcn,456
dgrinnovco,457
vroonycp,458
baasafcq,459
tabdencr,460
bmalekcs,461
trowlstonect,462
slevinecu,463
kbloorecv,464
wbarthotcw,465
jmendezcx,466
wtschiersecy,467
tgrombridgecz,468
jchristiand0,469
gpenellid1,470
cventamd2,471
dbutlandd3,472
jgradleyd4,473
kdmitrovicd5,474
gstrongmand6,475
hallettd7,476
fschachd8,477
dgaliad9,478
atrulockeda,479
oragbourndb,480
lquickdc,481
pendsdd,482
jlascellesde,483
kneilldf,484
ktidcombdg,485
desselindh,486
smorefielddi,487
csciussciettodj,488
dbigbydk,489
dnobesdl,490
emarcombedm,491
agrellierdn,492
hdalglieshdo,493
sburgnedp,494
dblodgdq,495
cyellowleedr,496
kharraginds,497
cmoaklerdt,498
tdomenichinidu,499
jryamdv,500
sdutteridgedw,501
tbraithwaitdx,502
nguidottidy,503
tvankeevdz,504
akeighere0,505
clugsdine1,506
abestone2,507
ahounihane3,508
cspeddinge4,509
dbeaulye5,510
llattae6,511
jchittleburghe7,512
dadanete8,513
mgallicoe9,514
vleverichea,515
rcollseb,516
bjenneryec,517
kmettetaled,518
padolphineee,519
vfoldsef,520
jrosenthaleg,521
msquibeeh,522
cpringleyei,523
mlarkej,524
renzleyek,525
kvongrollmannel,526
ditzkowiczem,527
fchanteren,528
ibeevorseo,529
fstammersep,530
cpoltoneeq,531
mligertoner,532
acleevelyes,533
eshippet,534
spolgreeneu,535
cgalgeyev,536
skipplingew,537
nsywellex,538
kjouley,539
ajoronez,540
chastef0,541
abrouwerf1,542
akieransf2,543
bgulyf3,544
wpladenf4,545
ttredwellf5,546
hshreevesf6,547
rbudgeyf7,548
mmaccallumf8,549
ptolomeif9,550
tbamlettfa,551
nyitzovitzfb,552
gditchfc,553
hminguetfd,554
nweldsfe,555
lvondrasekff,556
sscandritefg,557
sspiringfh,558
afarninfi,559
ghakonssonfj,560
kmaynefk,561
cgarlickefl,562
agysefm,563
gbawdenfn,564
lboardmanfo,565
aboyanfp,566
tmeefq,567
eleilefr,568
mcristofanofs,569
jwroughtonft,570
cgregorioufu,571
sgrainefv,572
vmarhamfw,573
soutibridgefx,574
tchedzoyfy,575
dtobinfz,576
rrealg0,577
mmiguetg1,578
spimlockg2,579
eeilhertseng3,580
ekirmondg4,581
ckasperg5,582
kaubreyg6,583
aridingg7,584
tolechg8,585
mmcleishg9,586
ccornewallga,587
mbuckegb,588
dbetongc,589
laggiogd,590
mfewge,591
bnannettigf,592
uhephergg,593
ncookseygh,594
soglesgi,595
pcracegj,596
tillesleygk,597
nwhatsongl,598
cogelbegm,599
jtravissgn,600
ohornunggo,601
cmcgrielegp,602
oohannaygq,603
dbusengr,604
coxberrygs,605
khowcroftgt,606
otilstongu,607
llawrenzgv,608
awadworthgw,609
cbendittgx,610
ljinkingy,611
ymccraygz,612
thindhaughh0,613
amidlaneh1,614
xegeh2,615
aevitth3,616
abalnaveh4,617
ldawidowskyh5,618
btroppmannh6,619
plithgowh7,620
rcadgeh8,621
awelmanh9,622
ebeedonha,623
drichardeshb,624
rdanhelhc,625
dgorussohd,626
mmalyonhe,627
mleaveyhf,628
cleonhg,629
fgarrisonhh,630
tcockinhi,631
jdyoshj,632
tgreganhk,633
sstapelehl,634
abagshawhm,635
hskitteralhn,636
lshafierho,637
kkilfoylehp,638
bnestorukhq,639
ghaulkhamhr,640
oschindlerhs,641
vmeaht,642
rcunahhu,643
iplampeynhv,644
dchristleyhw,645
ltillmanhx,646
ghollyerhy,647
cwoodesonhz,648
rduckeri0,649
mgolthorppi1,650
pgibberdi2,651
rmckeurtoni3,652
ppeschmanni4,653
kfridayei5,654
tnorringtoni6,655
mvincenti7,656
nbraderi8,657
chaydoni9,658
slewerenzia,659
bivaninib,660
omuscatic,661
edumbeltonid,662
sdouceie,663
hconiffif,664
bvarlowig,665
btappingtonih,666
lfrantzeniii,667
jisardij,668
mtaudevinik,669
emallochil,670
nshierim,671
ggoodludin,672
clangloisio,673
vbelinip,674
jgoeffiq,675
draubheimir,676
scussenis,677
aeyreeit,678
bhuyhtoniu,679
jpillingiv,680
gastleyiw,681
ebunceix,682
gthreadgouldiy,683
dfuxmaniz,684
glarkbyj0,685
emakerj1,686
jboolsj2,687
rguillonj3,688
kgiddonsj4,689
mannottj5,690
hfumagalloj6,691
griddettj7,692
ptorryj8,693
gdmitrievj9,694
bwilcockja,695
mjedrychjb,696
njirusekjc,697
fhegdenjd,698
csirrellje,699
jlehouxjf,700
kgroocockjg,701
gpeachamjh,702
mhannentji,703
hbarklyjj,704
lknightleyjk,705
kmarfejl,706
rbaudassojm,707
jpauligjn,708
awieprechtjo,709
neagletonjp,710
hmerrilljq,711
odidellojr,712
slovattjs,713
abatchjt,714
mrakeju,715
sattenbarrowjv,716
anicklinsonjw,717
eleonardjx,718
ghandlingjy,719
gfoltinjz,720
wpitchersk0,721
obargeryk1,722
ltroyk2,723
acrombleholmek3,724
lrandellk4,725
lnavarrok5,726
ahuscroftk6,727
npoynserk7,728
sespink8,729
elokierk9,730
gsoaneska,731
csarginsonkb,732
emossomkc,733
cfradsonkd,734
bsurcombeke,735
eericssenkf,736
bsummerbellkg,737
srupertikh,738
ablanshardki,739
mberreykj,740
mjannawaykk,741
sbraykl,742
ctotterdillkm,743
sflynnkn,744
dcarbettko,745
ajirikkp,746
lduprekq,747
mmussaredkr,748
dpringks,749
lvisekt,750
mdanilovicku,751
mwellstoodkv,752
mcloneykw,753
stuxsellkx,754
cblythky,755
ddibiagiokz,756
cigounetl0,757
ygotthardsfl1,758
fcarmichaell2,759
aoleyl3,760
vscotsbrookl4,761
sdavidavidovicsl5,762
mbachelorl6,763
woldhaml7,764
dpursehousel8,765
mbutchersl9,766
cpedella,767
epaulssonlb,768
bheindricklc,769
gmagraneld,770
koshirinele,771
bchastneylf,772
tsteedlg,773
eleehanelh,774
jskelcherli,775
hlethemlj,776
rgatemanlk,777
twaleranll,778
ngeorgeotlm,779
cfranzettiln,780
csmallcomblo,781
tpennicklp,782
cbetjeslq,783
cmoriganlr,784
bkovalskils,785
vbrodericklt,786
btewkesberrylu,787
tstuckelv,788
mbarnabylw,789
vshewenlx,790
dquantly,791
hpeatlz,792
cfortmanm0,793
adraycottm1,794
hworviellm2,795
drosenbergm3,796
mgawthropm4,797
cplomerm5,798
eguium6,799
keschalettem7,800
sfarriarm8,801
cmapledoorem9,802
mthunderchiefma,803
rcrockmb,804
bcootesmc,805
ldufourmd,806
kgwillyamme,807
cfrizellmf,808
jolliffemg,809
abuttingmh,810
ddeandreismi,811
kgatteridgemj,812
lchapiermk,813
awrackml,814
awabymm,815
dstrappmn,816
ddysonmo,817
odurmp,818
bwarmanmq,819
ctayloemr,820
rparkhousems,821
nmerrywethermt,822
ophillpottsmu,823
amoutrayreadmv,824
tfilipponimw,825
aarchanbaultmx,826
gcarwithenmy,827
upollingtonmz,828
sstudmann0,829
jdowthwaiten1,830
jwhitesonn2,831
ljallandn3,832
elebournn4,833
nfluckern5,834
rpurvesn6,835
koglen7,836
rdobbien8,837
ccraftn9,838
bhubbisna,839
joregannb,840
icurryernc,841
adaintonnd,842
cbaderne,843
gseamansnf,844
nblakesleyng,845
vfadernh,846
ajeppni,847
wharbisonnj,848
ghuienk,849
rlehemannnl,850
jwillcoxnm,851
kprimrosenn,852
jhumerstoneno,853
gbumpusnp,854
ptroninq,855
gburnupnr,856
kstuckfordns,857
akelleynt,858
cgilhoolnu,859
jdundendalenv,860
vgilbartnw,861
rhuntleynx,862
nwestphalenny,863
mcrawfordnz,864
aharrisso0,865
dgowthorpeo1,866
nkindreado2,867
gforsto3,868
aschruuro4,869
awynetto5,870
emuzzlewhiteo6,871
slouiseto7,872
dchesleyo8,873
mklimao9,874
eporteousoa,875
sspringtorpeob,876
cfransonioc,877
sdartnallod,878
jdugdaleoe,879
fwattonof,880
gdarnellog,881
rkinglakeoh,882
emaddickoi,883
hguillotoj,884
vprewok,885
trushbyol,886
jfairbrassom,887
millingon,888
cvedstraoo,889
sgawneop,890
hatwateroq,891
bgrolmannor,892
rjovanovicos,893
awaplesot,894
mcruickshankou,895
vcowderyov,896
taburrowow,897
gpeiroox,898
vstuffinsoy,899
ggoodredgeoz,900
hmcgannonp0,901
vsoltanp1,902
mwithinshawp2,903
cbrumwellp3,904
cdaveranp4,905
rgeorgeoup5,906
mcastanerp6,907
eloutheanep7,908
dtuftsp8,909
lrobbelp9,910
sbeatpa,911
pgeroldopb,912
makerspc,913
ecumberlidgepd,914
pgouldstonepe,915
imarielpf,916
wmcmurdopg,917
gpinkardph,918
blethempi,919
vacklandspj,920
rchippindallpk,921
ktellettpl,922
gquittondenpm,923
bgoldinepn,924
voswaldpo,925
kgavanpp,926
efairtloughpq,927
mlivesleypr,928
frubbertps,929
ssansompt,930
aimlackepu,931
etingeypv,932
rcrossanpw,933
cmccoughanpx,934
ckarlssonpy,935
bavramowpz,936
wdreverq0,937
gwhitewoodq1,938
mramsayq2,939
kfraschettiq3,940
speerlessq4,941
rchillingworthq5,942
sboleq6,943
dpiserq7,944
bvicaryq8,945
ckingswoodeq9,946
nkaszperqa,947
edewerqb,948
mbrouwerqc,949
weringtonqd,950
salldrittqe,951
egirkqf,952
bvarkerqg,953
rheinonenqh,954
dpaganqi,955
fdreusqj,956
wmurphyqk,957
bnewvellql,958
ltebbuttqm,959
tmonkhouseqn,960
abosankoqo,961
dbolderoeqp,962
iruffeyqq,963
etolottiqr,964
kfluitqs,965
afreckeltonqt,966
telesanderqu,967
asundinqv,968
dboylesqw,969
mduckerqx,970
tbecarisqy,971
sdanieleqz,972
knearyr0,973
jgoodyerr1,974
dboxhallr2,975
pzamoranor3,976
rwelbelover4,977
mdurdenr5,978
jtidyr6,979
sheseyr7,980
rkenrightr8,981
sbassickr9,982
loxera,983
rbernlirb,984
greastrc,985
avaughnrd,986
psaichre,987
fdalyrf,988
vflemingrg,989
lthursfieldrh,990
wcurnokri,991
jworlockrj,992
stowrissrk,993
elamperl,994
whalstedrm,995
cjagorn,996
lworvellro,997
cfeeneyrp,998
ccabanerq,999
brobeletrr,1000
