username,email,password
thardin0,mvolet0@istockphoto.com,CNF1Zqf73d
ckincade1,ccaccavella1@exblog.jp,0L1628zjfQMS
phorsefield2,cclerc2@prnewswire.com,xggaq4RaS
lfranzen3,pbaltrushaitis3@washingtonpost.com,iUVnFGoa70LN
fratley4,sstebles4@goo.ne.jp,WQhREChTDFUX
hmcaneny5,kedsall5@nsw.gov.au,nMvvbGlmdXXa
cpappi6,ahartropp6@howstuffworks.com,9SbIisa
hmallinar7,makester7@scribd.com,CyPVkCtlBn
acoatts8,lrandall8@mlb.com,uSDcj1EDbh6F
arudeyeard9,pcheetam9@joomla.org,1u2OVQoWJOw
bmacalpynea,mcrowtha@photobucket.com,I07rsjC6
holomanb,lreddyb@rakuten.co.jp,t5yRzjP
dcarnowc,lheggisonc@huffingtonpost.com,IH7TaaIEuUk
ayersond,ljarrettd@wordpress.com,DLUGGfnRQ2J
acavane,collcotte@devhub.com,VLIeLzZnnptK
mleninf,ccleenf@ted.com,AS9bV8vR
mdraing,lcossomg@drupal.org,wNQaOSODc
fwaneh,msydryh@last.fm,Thsq8xmqe7Jk
kjefferyi,cwoolhousei@bbc.co.uk,tA2EtiH
dblackerj,ahubeauxj@webmd.com,EsYP3yUeg
grafflesk,edunderdalek@answers.com,pAJfAC
kgetcliffel,dgalpinl@vimeo.com,68EVKc6HLk2
npegrumm,gsaullm@cnbc.com,JdTDGRsG6Rku
ldregern,tanteckin@g.co,zR0OFd0xF
mchamleyo,ytorettao@google.ru,aMdhM31KKo
splaidp,gkrolikp@friendfeed.com,xJdOoa5Ky5l
pmassardq,ltolwoodq@infoseek.co.jp,897xtZLMd
cnattrissr,tyakobovitzr@shutterfly.com,13hYuIJy6GJ
aputmans,dhoulworths@loc.gov,1if2ihXga
lschimannt,gcaugheyt@reuters.com,sP2SMsJfkwx
rolderu,jjohnstonu@harvard.edu,U3V7t1
dlodev,mcosterdv@prweb.com,awgUQ2EXc3
kbouttellw,stwiggw@people.com.cn,i6z5dFRAtLC
cleydonx,rgrattonx@g.co,vUcJdipLc
apeterkiny,szambony@reference.com,3pYKXz71wjD0
wswaffordz,ecutressz@java.com,mG7p9v
lisson10,areddyhoff10@icio.us,mFmKSl1NI
bivannikov11,phaveline11@cdbaby.com,jPDS494Iwm
mthunderchief12,jlamperti12@aol.com,GRKTS2FFa
pfairlam13,jrawlin13@reuters.com,fmzQy2lWlTGe
gbrockhurst14,dbrosnan14@discuz.net,7pc0nLZde
jcalbrathe15,ahelmke15@webnode.com,QJmFM1v
rwillimot16,bciccarelli16@gnu.org,8OsWY9G7EW6I
reccleston17,nnalder17@ihg.com,nucaf8fP474
jdrescher18,schittey18@1und1.de,5UtBmz
qgreeding19,abruins19@cloudflare.com,slM2Dr
rbenasik1a,bwatkinson1a@salon.com,Fj2ThT8z
dmarsland1b,sslemmonds1b@huffingtonpost.com,PdjcLOeoHBMP
otapin1c,fgradwell1c@weather.com,whqrSz
dscholtis1d,kdockwray1d@cnbc.com,AEGNfa
nmerit1e,zmaharey1e@163.com,3tjwwVtI
mmccoughan1f,hmaddox1f@imgur.com,WOpuocm7
kerdis1g,czorzutti1g@typepad.com,PpMsVLUwx
gmanston1h,rlehucquet1h@google.com.br,Nc0q58Bgi
dmauser1i,agowling1i@washington.edu,FCgUvb
strevear1j,kredolfi1j@lulu.com,DrGenw
dwoolsey1k,sizkovicz1k@ycombinator.com,LX5y3XFpaC
crodliff1l,kborlease1l@hibu.com,wU7WdCa2DJ
bwondraschek1m,ccunney1m@free.fr,qIRvZ2Wl
clince1n,gturley1n@wired.com,NaqNqO6s1D
lmcnaughton1o,csmolan1o@sourceforge.net,vCJ4TQXM
ahalston1p,nellingford1p@phoca.cz,iKFsIhEucXR
anevitt1q,thambatch1q@networksolutions.com,Owegsa9ZDF
rwakeham1r,kbass1r@zdnet.com,7hc0zRD
mhessentaler1s,kgoucher1s@bandcamp.com,FVDNX4M
abaradel1t,vwynch1t@ft.com,xRitH9j
dspender1u,zchitson1u@patch.com,Y6wqxSHsb
imayell1v,cwyllt1v@hhs.gov,5bGStr30OOD
rbielefeld1w,hmuldoon1w@naver.com,C175CPY911
mtiltman1x,tcaldaro1x@soup.io,57hKek4ahTfs
tdavenhall1y,yjoannet1y@hao123.com,nd0qZjbGefl
hvirgin1z,jdews1z@baidu.com,ZxcriJi2RF9Z
jdreelan20,mrobecon20@miitbeian.gov.cn,7xxvlmN
dseagrove21,mbatrim21@buzzfeed.com,s133WXULY
bmacneilley22,kbeament22@symantec.com,DtuR6AZ
cwybern23,ikinny23@google.co.uk,Hj5nZnDsNq1
cblazi24,lerrett24@dmoz.org,RcRwcE1p2
cquodling25,jespinay25@geocities.jp,VQ1cfKvg
jduddan26,dpopland26@businesswire.com,1Wsm7B2
welsworth27,ljaycox27@so-net.ne.jp,9rBvayS
cviel28,daurelius28@nytimes.com,wiYJ16Yo6Hfq
jlorek29,ukeld29@so-net.ne.jp,ZpeWAD
dhevey2a,mhuggard2a@examiner.com,ySAaoNOBD4R
cmilsom2b,aackermann2b@nbcnews.com,77M5BCyNF3y
hjellybrand2c,dpilmer2c@webs.com,M0v0FkyE
tbibey2d,kpoli2d@surveymonkey.com,mMjdW039yus
gterran2e,dhalfacree2e@springer.com,83GR3pprcei
fmoffat2f,dwethered2f@army.mil,ntYJ3uuoXja8
esposito2g,tsedcole2g@amazonaws.com,sWBtj2kJBE
vedmans2h,fkirton2h@weather.com,93iMMjKKqYdV
cmattin2i,blonghi2i@state.tx.us,25tUvm3gPx
gwerny2j,mcookson2j@reddit.com,pV63168cUsjg
gwarke2k,ltilston2k@1688.com,4S0Ah2
eeagleton2l,wwigglesworth2l@discovery.com,Eyljhwt7c1
fsebrook2m,rskyner2m@dion.ne.jp,vFClD06Equ
hberrisford2n,cexter2n@example.com,m46XkWNg
glefeaver2o,vloines2o@mail.ru,qHeblvw1I
tkeable2p,egrain2p@zimbio.com,23PZl3GKjNwH
lburker2q,kthorn2q@upenn.edu,j2zVtUu0zpoY
enequest2r,fprichet2r@google.com.au,Gcg6bIGvmw4
omaccroary2s,nleer2s@baidu.com,HNjcB4ill
gliddle2t,nhaylor2t@yahoo.co.jp,lT3z5k5N6q
cpoutress2u,acrier2u@ibm.com,nmFjy3
kkeson2v,dschurcke2v@scientificamerican.com,TmJCWAdJG
syoule2w,rdoulton2w@nyu.edu,OR8RNU7
adunderdale2x,wjiracek2x@techcrunch.com,MWwXuzYgGZ5
dfryd2y,jofihillie2y@time.com,TnCd129c5T5
lossipenko2z,asnewin2z@macromedia.com,SuhxL9K
pfancourt30,acraik30@ted.com,mGFjOvcQ
pwhittleton31,mpetrasek31@elpais.com,2zvPEf4La4wF
vkaasmann32,rdanielczyk32@surveymonkey.com,Wbqe11KRJDFe
mstraine33,cgarnsworth33@constantcontact.com,k9rRlwRL
lbestall34,umeach34@rambler.ru,hkOZIathp
sswann35,wparysiak35@berkeley.edu,fL6Wc9ac
mdanis36,bexley36@usatoday.com,cXZAuLOr
dspykins37,bpreshaw37@bigcartel.com,V0a1T8C
kjansa38,ysigart38@google.com.au,eQhlTzR
mdiruggiero39,sodoran39@canalblog.com,awuzfV
epiwall3a,ajosephs3a@rakuten.co.jp,aRZ5Dk9Wi
cfellnee3b,aings3b@samsung.com,WHFEUs
lmaberley3c,jverdey3c@springer.com,yYhMnMTgw
hskellion3d,kjob3d@dyndns.org,GZreuH
kmcmeyler3e,zfreschini3e@noaa.gov,GoEfKEN
mlabel3f,ncockman3f@w3.org,O3fzaJwvZO
jrustadge3g,fbesset3g@comsenz.com,gDWN7jem
tmothersole3h,bkerr3h@samsung.com,WY3g15xhs
rfollan3i,mgrimsdale3i@amazon.co.uk,rx5mxsL
wkiddell3j,cgaffon3j@vkontakte.ru,FbsWkt26myY
emessingham3k,rharrell3k@dell.com,ji6nYDRYFwE
abodesson3l,squerrard3l@discuz.net,5PgCdQJlm
kblenkharn3m,kcarcass3m@slideshare.net,2SKqjpLglol
zrosenstein3n,cwoolrich3n@europa.eu,9rXNzBGL
rarnholz3o,mphetteplace3o@deliciousdays.com,iQdI9aAnAN
erate3p,kerrichiello3p@live.com,AxJJVR54
cfranzolini3q,hflintuff3q@utexas.edu,hkHU9T
wbolliver3r,cjaggli3r@webnode.com,Q2QSJhHNl
rrittmeier3s,kmeeke3s@utexas.edu,cpxPg3g
abusk3t,bvardy3t@icio.us,h1eRnd
hinnett3u,lfeltoe3u@xing.com,mj54wVvX
mboatman3v,kdoyly3v@unc.edu,WCUfuv4P
ybatting3w,dwhellams3w@1688.com,PjGZqAZsXu
amcduffy3x,kpeddel3x@dell.com,tAZLd3r
mgreen3y,aellson3y@google.ca,AAg7tUsgmP
paindriu3z,hgossan3z@t.co,utpwIp94o12
bjuggins40,gkirdsch40@issuu.com,dTXEHIZ7
alermit41,lwrangle41@dropbox.com,gsAOLPDNL
zculley42,bbrodeur42@yale.edu,Hxc31DmQG
ddriscoll43,lveness43@imageshack.us,ENok9mzEcMJ
dcrowch44,mmartell44@4shared.com,gSNharmlc
rpopplestone45,dbalas45@usa.gov,twzBK46
dtubble46,ghusher46@google.cn,yQGPxulEzmH
dollcott47,nmoors47@eventbrite.com,nc4EmreoEEpS
vabramchik48,afotitt48@creativecommons.org,qlYGnOdpbY
bwillison49,mtukesby49@fema.gov,MoO6JLexc4AS
cloffhead4a,skell4a@bloomberg.com,ge5LSefQcy
alathom4b,pconaboy4b@independent.co.uk,4cEf9R6sbIl
bbazoche4c,twhithalgh4c@fotki.com,5qBrg5nG8
mfullegar4d,dryal4d@discuz.net,YmFS6s8dGHgf
dayree4e,cminithorpe4e@facebook.com,R56Yb6QPCene
pflintuff4f,kmaureen4f@drupal.org,wXI35QeXk
rselwin4g,cmellonby4g@slideshare.net,SNKSA0tqxYI
ghopkynson4h,bcliburn4h@fema.gov,VCN8ZjI
scleere4i,ecrow4i@npr.org,zi8xgUS
bchezelle4j,kcordeux4j@wix.com,wdtziEZ
vnoah4k,ssoans4k@skyrock.com,o2hCkU
mallnutt4l,cdreelan4l@i2i.jp,Brm5fWpkVLx
mreding4m,lcourtonne4m@taobao.com,ZIZgq9a5
fdurker4n,kleggat4n@mlb.com,MEw1u1eOVA0
jloffill4o,jbennen4o@vkontakte.ru,JMWt5B
rcoldbathe4p,heckart4p@over-blog.com,IS90O06Yf7lU
okanzler4q,ebibb4q@zimbio.com,FlcdJJqjOn
ctasch4r,mbatcheldor4r@google.com.br,lk91O0qeCnAL
jpamphilon4s,vungerechts4s@posterous.com,Zd4fPUJL4
rseakings4t,ledmonds4t@nifty.com,wGNK9cJQC
kshawyers4u,aelwood4u@cargocollective.com,xDDmEG
mwoffenden4v,kwaby4v@irs.gov,RiRA3H3Thg0
crambadt4w,pgrombridge4w@msn.com,KqFxVIIb
cwickey4x,rscollick4x@nature.com,LNsLQh9g
shebborn4y,tfidelli4y@ibm.com,ATWm9UU1oYk
aguidone4z,lbourke4z@chicagotribune.com,JqZhrXv3F
awybern50,jdeesly50@hibu.com,Nf5qKmk
rkynforth51,bthornborrow51@businessinsider.com,MiCKsCQ8L
hflemyng52,ngammett52@yale.edu,Pt3QClHBv
agilhoolie53,skilloran53@vistaprint.com,UYrrDG9Sm
apittendreigh54,kbichener54@seattletimes.com,jcPZpPbY
lswindells55,ssplevings55@unblog.fr,F1gymjFdNmfR
gryott56,rtremollet56@abc.net.au,VPnUN1HjvI8
jtyndall57,jbrixey57@mayoclinic.com,tIWBYlwqL
iagar58,klongman58@flavors.me,dKPm5gauJ
yduce59,rnegro59@behance.net,6ehOwseuV
ehubeaux5a,dsimanenko5a@ask.com,nEQ3wBz9PK
cowlner5b,adorosario5b@csmonitor.com,gJbyJUveF
cdeandisie5c,menoch5c@ucsd.edu,RvNxpCCzwoH8
rbockmann5d,banthill5d@php.net,pcPZOs4ap
snisius5e,rcrat5e@census.gov,kmuySyikz
bgrimme5f,niacomettii5f@imageshack.us,PkCqXLXbg
mlynam5g,apaike5g@twitter.com,tn8jPBIpqj52
jmountcastle5h,scharle5h@upenn.edu,2yH15dQ
fskehens5i,mashcroft5i@sciencedaily.com,51ceow8r
mberndsen5j,mcombes5j@stanford.edu,muo4xlx8To
dhollow5k,mwisden5k@nature.com,ghl0I0zvq
wpetrov5l,rhedditeh5l@army.mil,T4kLw6FVfmZ
sbrotheridge5m,asperwell5m@yellowbook.com,Hdu2IX
qgiron5n,rfrancescuzzi5n@theatlantic.com,UvVisHrex
erussi5o,mgyppes5o@about.com,1W18bzp6
bdumbare5p,rfannon5p@dailymotion.com,cg3dCe71
glower5q,jtrobridge5q@linkedin.com,jqGsfqI
smccauley5r,cmaggs5r@skype.com,YirnykMlceb
sgrime5s,mbolgar5s@marriott.com,r8Q5CY83so
tstation5t,fkennefick5t@si.edu,dNVaA6Vjze
sbeebe5u,bduffree5u@cnet.com,xG9qJFQO8EF
kkenningley5v,kbustin5v@springer.com,436FKV
bdavet5w,cbernhard5w@google.com,LmK611l7ULh
jfilippello5x,gtommis5x@google.nl,cR0VOQ4gQu
mlilloe5y,sbergen5y@slashdot.org,8xhg2X
calbon5z,sjamson5z@t-online.de,ah95UXlx
dlabuschagne60,acokely60@sitemeter.com,58rnsbx
scleaver61,tnormavill61@imdb.com,ClzjvX
mquartermaine62,ageggus62@newyorker.com,qf25uy
ebille63,mfrantz63@ovh.net,DMwYmd1G
bhargrave64,djerratsch64@dell.com,IJd5xQG
ahardstaff65,ufasset65@amazon.de,u5zu122
mborge66,gwattam66@opera.com,W90P7snI3
ffearney67,cslack67@privacy.gov.au,y82duG7j5jHE
vcappleman68,ebagnold68@guardian.co.uk,upNUWxbX8cjc
dskirving69,meyree69@liveinternet.ru,u33k1wp
jkelemen6a,gcoghlin6a@miibeian.gov.cn,Cy3O2Qh3
knel6b,amatus6b@tripadvisor.com,veJE1UkpMl
aizatt6c,hpidgley6c@elpais.com,TtxdG5NO
dtreat6d,jlebatteur6d@constantcontact.com,OVfoD9
aprout6e,hsandall6e@macromedia.com,ZYK2XvMO
hzannutti6f,hilyin6f@dropbox.com,f8nfitsXdQ9
dalker6g,mkilday6g@reddit.com,vC9W8O2EE6gk
tyitzhak6h,ihankard6h@vistaprint.com,9zKn7YMf
jtomowicz6i,gbrodway6i@yelp.com,Qe4CyV2o3sdx
ivasilyonok6j,llowres6j@toplist.cz,1ZTu3l0UhHFc
lhallowes6k,pgilders6k@a8.net,lNJ6iUG38
mbreakey6l,flardnar6l@wikimedia.org,GR4QIYA
jollander6m,plindegard6m@shinystat.com,klSQsIImHA9W
tbowshire6n,gbenstead6n@ow.ly,LVjcGYRGG
jdreng6o,ltriswell6o@aol.com,qgMuQvP0a4Q0
gcaselick6p,jmarte6p@nba.com,kRngWj5ch
ajolin6q,wscrane6q@icio.us,yXVbftz0
tbunce6r,hhayler6r@google.com.hk,Z7XkE7c
rlardeux6s,clockner6s@stanford.edu,TJVBzCNo
etreacy6t,jbassingden6t@tmall.com,H2jfxqioj
kphilipeaux6u,kpetruska6u@hexun.com,tv0hJdbnIY
sstoakley6v,kjehaes6v@com.com,CrrAPcx
braithby6w,hidell6w@dot.gov,uG2E9MGVbEx2
reggers6x,aoldacre6x@list-manage.com,6BENLipdVKU9
kfarryann6y,cwoof6y@dot.gov,PPAMfRdN
zsanja6z,rpalluschek6z@etsy.com,t11GcZ
dodhams70,rtrask70@geocities.jp,ZtVCdH11
hpoveleye71,rbachelar71@washington.edu,VILxpiHh
imohamed72,ocritoph72@eventbrite.com,eC7Ab1
ekillock73,eorpen73@java.com,mQ7TqwJT7KJ
jbausmann74,dquarrell74@nifty.com,Chj508011eA
kpurvey75,vbrugemann75@squidoo.com,bEdUeLwWq
apillington76,acoleman76@mac.com,7fTK41
twindous77,gfeechan77@irs.gov,cKu5SwAv
amadders78,dspear78@cnbc.com,hj7O0i7HW2g
eattoc79,hbarrim79@sourceforge.net,oOEGs43dd
hdeleek7a,aravenshear7a@arstechnica.com,llhTas1C
uvasiltsov7b,rsmitheman7b@163.com,STq9uE
ekirk7c,sbuckerfield7c@livejournal.com,MU867ejaVOkG
sbrason7d,aslayford7d@narod.ru,8KU5ynO
adefraine7e,zleverich7e@hatena.ne.jp,xPmWUpA
ksmalecombe7f,bmosten7f@businessinsider.com,0cWxHsrKwrXE
uclissold7g,kbraga7g@geocities.com,IiPXCfp
dbum7h,bdicte7h@oracle.com,n8QWLS5
iocooney7i,igreatreax7i@prnewswire.com,tKOY49D
sgullifant7j,ggallyhaock7j@gmpg.org,ZjsGQZAZi
tbyng7k,dattril7k@t-online.de,XMXzze
oalvy7l,brawnsley7l@51.la,shQ07zGJUI
vebrall7m,njaques7m@jugem.jp,QomSwi89Y
rleisman7n,dorrice7n@cmu.edu,Q8mThxMfX
aflips7o,eallden7o@nymag.com,lfvIvASBN
echaikovski7p,wusher7p@drupal.org,KQvRwt8ed
sbenzie7q,ahitzke7q@joomla.org,0XJiMY8U4g
bdunsmuir7r,ccourtman7r@webmd.com,j9aAeI
phannigane7s,bcoatham7s@purevolume.com,w4ytM9J
cbercevelo7t,adrummer7t@alibaba.com,ubjkAoFwA9Ep
ccisneros7u,kloalday7u@skype.com,Jwp2wHyUOV6
lgirardetti7v,blarchier7v@comcast.net,qE8mJ9
bgrim7w,hpickston7w@issuu.com,gs6NIJ
cwaterman7x,mmeyer7x@state.tx.us,obuzII70
dleeming7y,hlaterza7y@loc.gov,nKBPSXRBJQBN
wjickles7z,jmcorkill7z@yolasite.com,ROgkRABz
wabdy80,nstyche80@google.cn,fTS9M5
jrosekilly81,lgiacomozzo81@ed.gov,Q42NZbyh
gtansey82,mbeedell82@vk.com,241tRXj0gOX
tflay83,gholborn83@columbia.edu,vdnEmrEA0f
dyesenin84,lkleint84@rakuten.co.jp,s4Pl4ligE
cplak85,djakubowski85@loc.gov,Xj4Gs0bSF
gtroker86,ldimitru86@nhs.uk,kMV8O75j
aanelay87,bmuckeen87@digg.com,15ZoZopKy0
rgibbins88,rlassell88@creativecommons.org,zQ3Zca2aEkoY
blamboll89,chonniebal89@microsoft.com,hOMuP54Ur5q
glapworth8a,ggapper8a@cloudflare.com,JDyYxijg67LV
cspottiswood8b,tcogswell8b@pcworld.com,AY3ZR5Fw
tosullivan8c,lgligoraci8c@mac.com,3QWf7pNq9r3
amckissack8d,mkermon8d@java.com,rQzUOb
afalls8e,lboulger8e@aboutads.info,TREpUz7
mrouzet8f,fscarlin8f@jugem.jp,TBapeaW
adrewclifton8g,rcleaves8g@forbes.com,syZJJZKaI4
ktresvina8h,lbarkaway8h@dedecms.com,6etcxi9A5B
aallcock8i,fnyssen8i@wikia.com,dyUGT8v
dbrownell8j,lpitcaithly8j@senate.gov,0epT9zhqenbG
mdimont8k,tsparhawk8k@ted.com,eGeLYt
chablot8l,kborder8l@yelp.com,pynCdvyEy0
cmartinat8m,jriall8m@cam.ac.uk,TwMD4qSJcW
atandy8n,drudram8n@naver.com,2cxNmjIpl
mvanlint8o,eengley8o@amazon.de,5Tzr60eB79v
eisacq8p,hmoran8p@trellian.com,hcZgMIdT
cfosten8q,bsamuel8q@deliciousdays.com,uJZHldY
ksymes8r,aweatherhead8r@ihg.com,DFotaVaWMC
dgouldstraw8s,acasale8s@yellowbook.com,Ju2Vl7db
jcolicot8t,cfrancescuzzi8t@howstuffworks.com,OfRqRdRyN3G
rgamble8u,emccawley8u@amazon.de,k7ZXfOD50
jsivill8v,sflaunders8v@goodreads.com,AehaxYHYz
kbewick8w,clebond8w@sun.com,ZTk5ccN6kw
tferraron8x,etommasi8x@ox.ac.uk,GJlUMW1qtMa
aocrigan8y,abrayn8y@home.pl,7ISnO4yT7quC
rpersey8z,kmarchington8z@php.net,ONvBpY
flavies90,rplayden90@si.edu,ACoUWf
mhutcheon91,fcunniff91@shareasale.com,EBi7254L
taupol92,ckellock92@columbia.edu,t6aBAPfZUL
mmorcom93,aurion93@economist.com,xKhVtNC
dheisler94,cmedling94@ifeng.com,EsnBeRnb
adursley95,alansbury95@go.com,SCwExhGR
rrolls96,kemberson96@addthis.com,GCqt3wOp
cnertney97,kpoacher97@oracle.com,RAI0svKqH
cgirardy98,tcerith98@comsenz.com,CwIrLXFgy
jbucktharp99,gkleinschmidt99@plala.or.jp,ApEwkDAY7q9
adrinkeld9a,ahodges9a@howstuffworks.com,qQdEKRQ
fpidgeon9b,vyarr9b@elpais.com,CFymT80c9g
abartel9c,sbrooker9c@huffingtonpost.com,3hjx0qAfwje
acourtier9d,tmeys9d@msu.edu,M9ZV6ytLeCje
fdodgshun9e,kstockport9e@opensource.org,09knR8L5e86F
cbrandsen9f,epanks9f@tumblr.com,t9NJRmyp
spitrollo9g,mposselow9g@reddit.com,eSWmb0e7
oclegg9h,aseagar9h@usa.gov,hOPABgaPdiVO
cdennington9i,rleggan9i@chron.com,m4q5GzUv1vm
ablewmen9j,glibbe9j@cbsnews.com,QVFxuoelOy1A
ahopkins9k,fpennacci9k@lulu.com,grpa5gI
mfarbrace9l,cfrontczak9l@google.com.br,8Qx4URDgnX
ptassaker9m,cpedlingham9m@marketwatch.com,JEtPNEGSA
ilauks9n,tsabathe9n@taobao.com,RwF7tbk
fhamblen9o,wmuriel9o@discuz.net,r8OFZqQsG
malans9p,ggwinnel9p@usatoday.com,JJ0HWfYEWR
bfranzelini9q,mgerling9q@ovh.net,uPluCUflASZ
ehaining9r,vbernardinelli9r@skyrock.com,Jkk0qLVD
vkoene9s,tcamoletto9s@tinypic.com,c94WRfLduswL
browberry9t,rmattusevich9t@mit.edu,TEKxEaarWA
sdawtry9u,arolston9u@intel.com,6BsHUtulVI2
hburdus9v,rabramowsky9v@printfriendly.com,cPjLrP3A9tpW
plyddyard9w,lbrosch9w@yellowbook.com,NfLTPS
sstollenberg9x,svonoertzen9x@dmoz.org,oQNIlTE2uy
crussan9y,flerhinan9y@drupal.org,gHHcfP1gToPn
cudale9z,lproback9z@alibaba.com,yzWMqq0qMRRe
fmonsona0,akareta0@wikipedia.org,RHOfvDaD
rgaiforda1,ebiasottia1@indiegogo.com,u94KHEv64
dtolana2,tpeggrema2@squarespace.com,GE9XZ3
ebartalettia3,fgabbitusa3@admin.ch,GfCas3O82i
cpappina4,tpaolinia4@guardian.co.uk,AzWvUxQqa8Z
ppechaa5,peyera5@pcworld.com,GIZbRVybkP6
hmangenota6,dandricha6@cbslocal.com,KGrIRLF
lzealya7,schokea7@goodreads.com,48P2KUub5U
aklejnaa8,lwhiffena8@t-online.de,LNQ78sHBm
opillifanta9,mwoloschinskia9@posterous.com,wMb1dC
bbatchleyaa,hpeppinaa@vistaprint.com,OmoJJBdPN
abryersab,rmarzeleab@barnesandnoble.com,sjtBNb
bcelesac,wokennavainac@twitpic.com,OTyeqHLNb4v
bpettifordad,myakuntsovad@simplemachines.org,6XlgVh
zflooksae,wtallisae@360.cn,UKbSIgPAi
paubertaf,chugillaf@smh.com.au,AwYaWlaF0N
shuisonag,vblackborneag@globo.com,dk4cQdJ0
zbazireah,rmackallah@cmu.edu,agd3PAO7VSj
lfoxai,wcastelowai@cpanel.net,HZ8M49
fgashionaj,agatehouseaj@vimeo.com,oYYshqrPr
amoncrieffeak,hzammettak@nbcnews.com,U0VYktX8GnR
tpreskettal,mmicklewiczal@topsy.com,kMbSv98
neastwoodam,hcrispinam@wired.com,P8iyA7f
ctupiean,jstuddalan@wisc.edu,DL1PoNGz4ZD7
ahedditchao,jelleryao@hexun.com,d5SYcwwOoJ
greignouldap,lscatchardap@arstechnica.com,ZscX30UR
lmcwhinneyaq,gmunslowaq@instagram.com,1qqqqQM9s1
wlealar,adawidowiczar@ifeng.com,1GZ4O5B
vsarfasas,bpalseras@imageshack.us,a6oXufVhtSA
mmenichiat,cstofflerat@people.com.cn,Dt3nFqYl
sedgecombeau,jlambau@cdbaby.com,hoHPT0
hbrownsallav,ahambyav@furl.net,EnxAaJm
cbarberyaw,ctookillaw@cmu.edu,DAzrhT
vhupeax,twasteneyax@weibo.com,4edaLJN05eO
cnuddsay,mchillistoneay@japanpost.jp,roSTAQB
kwapolaz,klambotinaz@ameblo.jp,ngBPtMHceImr
kskeinb0,wbastableb0@people.com.cn,rpBAOIVe0Z2
lmckinleyb1,gsnelmanb1@cdc.gov,vTfvN9saZFQ
lkarpfenb2,rscotterb2@hhs.gov,KhEn3n
kinkpenb3,dlangstoneb3@linkedin.com,YhzLTMgi5
dputleyb4,jsuthernsb4@shutterfly.com,1ckzzZMlr
dmapstoneb5,bblackmuirb5@cbslocal.com,d56YoRDK
ewilgarb6,aroutleyb6@behance.net,ZTUwmnK
jtraillb7,tordb7@hhs.gov,n9xv854I
hsyderb8,apinelb8@goodreads.com,3GUzG30S8Wa
ckeedwellb9,gkleingrubb9@prlog.org,CMkozl
aochterlonieba,rbenedttiba@meetup.com,9IXjaWu8ZDsu
ehubandbb,plangstonebb@hp.com,bfmDpGQYv4d
oligginsbc,hbattertonbc@guardian.co.uk,bgMkIElr
alightbournebd,abenjefieldbd@netvibes.com,FGqxjrRv9cxb
nbenniebe,achazettebe@pinterest.com,x71KGXfoc
sbernetbf,cmohammedbf@irs.gov,z8FEGbN3f
pklimkobg,stantumbg@weebly.com,QcSulBv0U
cbarmbybh,kdolleybh@imageshack.us,8VDzx09
gderellbi,ssutebi@seesaa.net,K2ZpN6bVZ
jmccroftbj,ecorderobj@freewebs.com,03ET0wAZTW
etrevainbk,fmarkiebk@slashdot.org,aKmZBcqubT
wtunstallbl,nmessumbl@about.com,BBettSU9cVR
rgammetbm,fiacovuzzibm@scientificamerican.com,ImdwZ2o
telsaybn,ghamblynbn@cbsnews.com,FDyQ0m5Mv8Ac
gsainesbo,ccotesbo@nih.gov,WEJTqp
nroozebp,rcorkbp@state.tx.us,hej2mYGdrVWZ
vcrowbq,gfoxleybq@ihg.com,MpDPL6BrED
fbalsdonbr,pwillingambr@ezinearticles.com,bEHsak
gnaisbetbs,lreinhardtbs@friendfeed.com,l8YRbf55V
isulleybt,ecusickbt@live.com,jG1eafa6WX19
ldohrbu,jkeeneybu@sogou.com,a1A6zXn5btCR
aroddybv,pgormallybv@chronoengine.com,t7OazVz
rkeigherbw,vcraterebw@webnode.com,K5MNWSMrUPy
abarthodbx,gmcclurgbx@disqus.com,hITSLXm
bmeniloveby,zlynchby@mit.edu,uSWqSAe
oandriesbz,mhearsebz@tiny.cc,oxSS65Nlx
rprescottc0,rmcloneyc0@webeden.co.uk,OKHyOHmxda
ipharaohc1,vbarshamc1@epa.gov,gM6TW9OMPp
smclesec2,mmenaultc2@toplist.cz,YysntYe2
msuffieldc3,splemingc3@twitter.com,qXUA3rx
rmaeerc4,wroisc4@apache.org,Bkb79ZDlRfuh
odanielsc5,wmaccambridgec5@usatoday.com,JqZdZiC3WT
ckestertonc6,aelgeyc6@canalblog.com,FyjOLS6QV
ebelverstonec7,coxendenc7@theatlantic.com,yIA1ds
bcrebbinc8,wgodbaldc8@simplemachines.org,IwRHzFVE
jfleac9,btoulminc9@seattletimes.com,jPvmGeVQqKLg
ndorroca,abatripca@dailymail.co.uk,Gdy10qz
bmadgincb,wrosenkrantzcb@pbs.org,SMYXBmx1W
rpreddlecc,gallottcc@scientificamerican.com,i9tjHA5zqa
gsilbercd,hconerdingcd@oakley.com,pbrTC01LJ
epennycockce,arobertuccice@istockphoto.com,44FyLmOBkxM
gbethunecf,btuffincf@lycos.com,W241Rkp
cdackscg,llellocg@linkedin.com,tGTpyDpQ
sdurandch,jsandellsch@ed.gov,hvAQoxg5g
botteridgeci,byarnci@house.gov,zlQXnT
jsurrcj,kjilescj@angelfire.com,dFjMvrbXq
abloodwortheck,meddowesck@barnesandnoble.com,PSwwnr5b
stirkincl,bmacieiczykcl@last.fm,j59ZjODo4Fu
fkillimistercm,ocourtcm@webs.com,huliTG
narundelcn,clishmundcn@shutterfly.com,tvtvXLm6WaO
thaysomco,fyettonco@macromedia.com,aPY8JEI
ddibdallcp,ggariecp@ebay.co.uk,2RBjcSN6h2QR
gheggcq,bgammettcq@tripadvisor.com,6zFG9qZXgtCr
gmorrellcr,hyerrallcr@home.pl,sxktfRqu
rpentelowcs,bclineckcs@epa.gov,EfRcn6e
mamirandact,hosmintct@netscape.com,9Amc4hpHJ
plongwoodcu,avandenboschcu@amazonaws.com,eXc7Ksf
mfitzsymoncv,lmcduallcv@ucla.edu,XLALgQ
hmullordcw,bshervingtoncw@ning.com,DFluqhjd
phassancx,rguarincx@economist.com,OP2te5y1U8R
ralbistoncy,lquenellcy@techcrunch.com,QXs64pBtgM
ljaniakcz,adebernardiscz@timesonline.co.uk,L0LgRJz8
wswithenbyd0,ahalbordd0@sphinn.com,Ep2rxrOf
kfortd1,tbruinsmad1@alibaba.com,BJGHRgcacYhz
dfulstowd2,tashfoldd2@sun.com,eU1RYuLpNhRF
dgregoracid3,aguerreirod3@miibeian.gov.cn,cqnYuoF9FF9
shatzd4,erummingsd4@disqus.com,n3oGdYP
wkittd5,ctowld5@soup.io,stzxlR
bmarchmentd6,agrummittd6@google.es,ExrNWDc
tclooneyd7,dfollowsd7@umich.edu,fkPBf447mioz
fellumd8,cmoughtond8@cornell.edu,cwZHaGY
rsiberyd9,bmccreedyd9@example.com,oaj0HxoY8
ileemingda,nbreytda@noaa.gov,g3nlKoneKj
csleemandb,rsalmonidb@yelp.com,mfvYGLs
rpessoltdc,sbanatdc@msn.com,Vk8Rdtt
qvillagedd,mscasedd@hp.com,Q3m6tBx
alathleiffurede,agrinaughde@istockphoto.com,yQspKzRVr
pgiddingsdf,mscuddersdf@ocn.ne.jp,0mnI3MMuJS
mcanizaresdg,cnudddg@narod.ru,SFLSq9W7
wrapellidh,fphizakarleydh@geocities.jp,Is8bgfVUMO
alukasikdi,kmarendi@accuweather.com,Mpxnabo4njYC
vgolstondj,eparnbydj@pinterest.com,lqe9tz9
emullanedk,nstoltzdk@weather.com,ZiYUcFl
tstubbleydl,atydddl@ehow.com,6sOGziB6j5a
hillwelldm,cfoxworthydm@technorati.com,E7CXVjY5S
icoulingdn,ibenadettedn@prweb.com,DClQxp3Bu
htaschdo,ktappordo@nba.com,iKfttdEC
kegedp,kfrilldp@chron.com,2K1gYU
jdauddq,mtingeydq@pbs.org,09JJaH1z6qKW
dbadbydr,hverricodr@google.com.hk,LVwYmhz1PREF
liannittids,rmordacaids@ifeng.com,iLnLluKTrC
wphaupdt,gfroschdt@newyorker.com,wWZmn6QSlw
bvonbrookdu,fvinnickdu@theguardian.com,1mi862
ninglesantdv,ayushachkovdv@typepad.com,91HdJ3
aguillonddw,hcrickmoredw@posterous.com,XZA7mUPdg
hfarmardx,eklimesdx@toplist.cz,yUV4PJnjcTa
hbointondy,hellicottdy@ebay.com,4nF8weQrS8
fmatteuccidz,dmeagherdz@cnbc.com,kPjmMN
atreweeke0,efenemoree0@trellian.com,2PIlG6m97B40
draubenheimere1,safielde1@yahoo.co.jp,DG9jLgg
rhortope2,enellene2@jugem.jp,WL5pjIq1
scoggingse3,ntyrere3@dailymail.co.uk,SEGOcvro9x
dyakunchikove4,rsandlande4@trellian.com,AFSDFAj
twoollette5,mwhittae5@cnet.com,Ty0n3v4aA1w
lhastine6,chakee6@accuweather.com,GmQsdi
dyashunine7,tgiacomazzoe7@techcrunch.com,HvZXtQ7
dvairowe8,meunsone8@t-online.de,PgfJXHPtM
spretoe9,dreville9@slate.com,qu5feI3
bfoggea,abuggyea@nytimes.com,CXFTlRBDD0Wn
jsertineb,okrimmereb@livejournal.com,Y42EjkMfv
mdmitrienkoec,loutrightec@npr.org,owf9lkm
mmarsyed,ibainsed@va.gov,WYbVUOkWj5n
dkulleree,nwimsettee@state.gov,br0OfQ
sslograveef,hroddaef@scientificamerican.com,j0qiSqid
dlavigneeg,visacssoneg@tripod.com,x2ZsXlG2pNL
gplaydeneh,hleavryeh@woothemes.com,Y3eWVrekL
kcollisonei,jgeereei@spotify.com,sBZTd7z
viggoej,mmintrimej@surveymonkey.com,nxumjo
kbowllerek,dambrogioliek@is.gd,jqu6Cd
ainsealel,dnittoel@ucoz.ru,AyLacpOI
wdouceem,cdorrianem@google.es,ZGoBtpkg
ghundellen,laireyen@nytimes.com,ySKS93voY7A
dcrimpeo,trabsoneo@slashdot.org,HfFu3FGg
pbrockmanep,cdunnanep@nytimes.com,BsL7uF48bC
dmaughaneq,lfulfordeq@icio.us,5OXmXc
zexroler,wericksoner@seattletimes.com,0qMj6iM2ovz
zmasterses,vcarvillees@mit.edu,5H8jzKVaD
eputleyet,borrittet@earthlink.net,Rsnkb32TGqW
tbrunelleschieu,ebalfreeu@statcounter.com,D9Ql1w
wgeallev,snansomev@typepad.com,xanrYWtFRAF
tgadsdenew,sciepluchew@unc.edu,waRIWKyowsf
rfiddemanex,kkniftonex@amazon.co.jp,9u4Be4
nmurleyey,avillaey@cdc.gov,cuT2uDUSg
kgormleyez,mbelmontez@nytimes.com,F7ydmY
gdykasf0,dzelnerf0@a8.net,m74sPulRYO
lconleyf1,lfrancescozzif1@geocities.com,QER17pLn
hheathf2,epadefieldf2@people.com.cn,7NRhLg6Mm
fpimleyf3,smingardof3@bbb.org,S4ZcAaNZkMZ
krenolsf4,bfeldonf4@bluehost.com,m9DMYc35CUw
kmaynef5,cwarmanf5@1und1.de,OKO1Ihx8
ltumasianf6,fbroggiof6@rediff.com,pXpaz8G4Jzb
gbartkef7,mhosbyf7@deliciousdays.com,QVYJ1FK
svasyukhinf8,jpashleyf8@globo.com,CK8MeQQJ
gbrattanf9,dgellionf9@elegantthemes.com,FJYO2W751
pmarvelfa,tgersonfa@ucla.edu,4JzSiXe8ZY
spassiefb,rdawksfb@admin.ch,h5QOueAuv5
rnoadsfc,wpamphilonfc@ft.com,DJ0k3FT
wpeattfd,lfomichkinfd@merriam-webster.com,TYAu13rp3d
kwrinchfe,lhammellfe@cam.ac.uk,0rOopT
dsergeantff,qmccrackenff@nih.gov,AXv4gIyu
bfarrinfg,rmarienfg@e-recht24.de,S1shxK
phuguevillefh,rplumptrefh@t.co,uUGZ7p4N75
twhytockfi,sguilfoylefi@icio.us,6905Q68G
wizzatfj,bashmanfj@bloglines.com,j7NSBXEFh
rcleifefk,jrisbridgerfk@senate.gov,gI2FV1i
tlatimerfl,dsewillfl@printfriendly.com,qVEu9M
mhustingsfm,hallseppfm@wsj.com,F8qHrEM
nconaghyfn,gmattisfn@intel.com,JoQFclP
mdemannfo,mlibbyfo@blogtalkradio.com,Q8thWjL4a
oaldgatefp,corknayfp@gravatar.com,KJYB4pm
mduligalfq,acroftfq@paypal.com,u4aedT0I8
mvasyukhinfr,gsartenfr@psu.edu,Qf1C4e9Yb
wkerslakefs,nfullerdfs@cnn.com,Gyyh107k
londraft,lrowantreeft@usgs.gov,BDv1l2z8Z
abenhamfu,cnewtownfu@yelp.com,jwRZiimF
rfratczakfv,kmcilwainefv@newsvine.com,CZdq6SJTu5R
gmartelfw,gborlesfw@jiathis.com,53torVb
tthinnfx,tgarcifx@dot.gov,VwAtBMy
rgreasonfy,tjansonfy@networkadvertising.org,ehtkSECbfTZ
vscriverfz,emattheusfz@msn.com,qI6gBCid29O
csawg0,htomsag0@cbsnews.com,Mv0X7hzG68
kbritnellg1,doffellg1@narod.ru,5ZbPYayFs0
estoopg2,yemorg2@vimeo.com,9bqOMTv2zm
cgimberg3,mmethleyg3@moonfruit.com,Th4eoPtIZh4N
bsummerillg4,hkauscherg4@blogtalkradio.com,atJ8FrDoSjSo
ljeanong5,rthomssong5@rakuten.co.jp,EkDuxAF3hhz
egrishaging6,dreedshawg6@slashdot.org,2agMJrbr3RAy
bjanaszewskig7,mprescotg7@foxnews.com,Q9R83EuF
jtymg8,mscollardg8@yahoo.com,4CTCaAt2pexN
jnieldg9,dchating9@biglobe.ne.jp,S0RhFin28UdM
dtropmanga,mspatarulga@w3.org,7mHpCp6oh
dnoltegb,dmerongb@tmall.com,oq8RHaGIE
kkarpgc,dmuscatgc@upenn.edu,NmmojGTUd
nbispogd,oheritygd@sbwire.com,99pZwbSY
spossellge,nbutchardge@latimes.com,tZKeWzR1
sschreinergf,djacksongf@joomla.org,hF8aUl
calvisgg,gilchenkogg@microsoft.com,9LjVLF0H
dstintongh,eedrichgh@va.gov,8a9CixzNzq
sthewsgi,pchaytorgi@imageshack.us,i5PJzzS7
rstangoegj,ipalatinigj@bing.com,ifHZS0Iscz
kairygk,mvarnhamgk@examiner.com,PeFJJlVNTpzW
rfrantsevgl,ddobellgl@tripod.com,SG0N75
ycristoforogm,ehankingm@privacy.gov.au,kokFDIC2
spigeongn,ksummerellgn@stanford.edu,QCHi28
mbassilgo,cigonetgo@psu.edu,3jZo3PsU4tS
ecucinottagp,rduxbarrygp@tamu.edu,gH2PyruTcDjR
obaldacchigq,hcraigsgq@discuz.net,hl4SMUPEpyn
lbenninggr,lchinagr@goodreads.com,XF6g05ZWjBD
tloxlygs,ghullegs@quantcast.com,cZSrfM67P
edougalgt,hchamperlengt@sitemeter.com,G9SRnZ
pgiovannilligu,ktwigginsgu@fastcompany.com,ocRpDZPm
rbrownhillgv,klouisotgv@ucoz.com,Qd47zbDR3z
dbushgw,egerlinggw@europa.eu,tWc4VXHJ
jdibblegx,ganthoingx@goo.gl,njbEngo
jodowlinggy,ashilitogy@privacy.gov.au,FAOOKFcsBW
nmacallestergz,acawtgz@dot.gov,s67xYVI
amainwaringh0,gboarerh0@cornell.edu,BjBk6b2l
hjoontjesh1,kkingetth1@google.com,87aa13YVPVFZ
arecordsh2,esticklesh2@homestead.com,NZVjgRXP
dmattiussih3,mcasillish3@accuweather.com,kmvU7t4jcX
wusmarh4,tmcgarveyh4@dion.ne.jp,bLniUGg
rgofforthh5,ebengtssonh5@slideshare.net,FYrT3t6
rvenningsh6,kaldhamh6@infoseek.co.jp,2t4TnR52
ejumelh7,gparcellsh7@mysql.com,stHOk75P8
bbremenh8,amcgilvrah8@unesco.org,kOqSkwth
gscoylesh9,aacunah9@netvibes.com,8OFZfW
dbeveredgeha,ewignallha@accuweather.com,5VK9ZtYNJVr
kbiddulphhb,bdegghb@oakley.com,75rxSYsksA
pwahnerhc,cframminghamhc@netscape.com,jKTCyhP04tH
pborhamhd,dsappyhd@macromedia.com,8O06m3Llz
mmargachhe,bbrydsonhe@psu.edu,TSQIu9Z
clekeuxhf,sinnetthf@woothemes.com,LMnDmUznx
ddunkerlyhg,ghanscombhg@forbes.com,Zv8XxVnAeK2
sgreenhaughhh,ahuertashh@ow.ly,LqYQJpS50MrH
kpereshi,cgallandhi@gnu.org,m9JYfMWvGq9D
tlepickhj,mpostancehj@devhub.com,WXCz8sUImdIr
ldanzeyhk,mearlyhk@sitemeter.com,r6YI7NbI
farmstronghl,trudallhl@youtu.be,Bhx9tqAV8o
sfeldbauhm,gandoverhm@whitehouse.gov,7HtugLi
crackstrawhn,avancastelehn@jigsy.com,djcUM4ZZdKD4
mmcelrathho,mworralho@homestead.com,iZm0qVUtP
lpetrowskyhp,iaujouanethp@facebook.com,OIOqc6xNypfA
hmartinyukhq,enottlehq@java.com,jNseJbiti7
asmailshr,mbasekehr@phoca.cz,81Z95Wi
tphythonhs,ldiruggerohs@bravesites.com,ke9CHoVjcss
pskilbeckht,dbreckonht@cloudflare.com,shjtvop
bskowcrafthu,gescoffierhu@hibu.com,1ajsKG95H
bjaulmehv,ckilbanhv@sun.com,0z7elq7WRlCi
hwolversonhw,ssimmgenhw@1688.com,lS8uFxDhce4D
nifflandhx,dbidderhx@nsw.gov.au,h1JDIi6Y
ttugwellhy,ktommasettihy@paginegialle.it,pRtlxSzR4M
pjuszkiewiczhz,bertelhz@seesaa.net,ElOaCUOJ
afenloni0,daneleyi0@google.cn,0bNotbVWVvw0
eamirandai1,mnovkovici1@marriott.com,MTOczdMnV0A
bwillarsi2,pvalentii2@sbwire.com,z3tTqJ
bcallami3,lhardisoni3@yahoo.co.jp,Wp937WFVidU4
fmcjarrowi4,gronchkai4@jugem.jp,RqVjqMGo4l
jweaveri5,cbarshami5@mozilla.com,Yu6Lhl2iVh
mallewayi6,hcockaynei6@tripadvisor.com,pgIaksrk
lledsteri7,eclarki7@odnoklassniki.ru,fRfgnLv
mbasnetti8,ssumshoni8@buzzfeed.com,nIh5yf
swoodsi9,btankini9@moonfruit.com,tvfs67
nbrashia,smattosoffia@aboutads.info,RLDCKOWU06D8
ggritlandib,wgamellib@desdev.cn,j0YyldbP2u
rtrewinnardic,mmapstoneic@spotify.com,8AIKiI5hrr
hsplevingid,mkelledyid@nydailynews.com,vHiAlF8Vt
pblivenie,afrearsonie@unc.edu,FzBS8TZkd8
ivooghtif,nramsbottomif@webeden.co.uk,cpQTEB
ihalstonig,nsauvanig@dedecms.com,EMW07HltGJ
fantonchikih,npontinih@dailymotion.com,6C3in8bMl
zlashbrookii,mmclaughlanii@cornell.edu,JmxaEGgC
msturdyij,ewilsherij@ucla.edu,2QTyHpVIJr
acamilioik,edunfordik@fema.gov,0Y40UtGL94
cgellertil,lbardwallil@microsoft.com,mVAtSUipyU0
zavisonim,emeddickim@washington.edu,xfo426T
mashbornein,asigwardin@goo.gl,LGNfFqiS
fdufrayio,leptonio@zimbio.com,GuUgTwoV8NE
hseedmanip,gdupreyip@ocn.ne.jp,wMtNggY
ibenitoiq,wbrickseyiq@cnet.com,XWeZfH5
fdibbeir,mbenedettiniir@twitter.com,GMdxAUoCd
kreymersis,cminnetteis@reverbnation.com,cvOagiosY
cderoosit,htabbittit@tamu.edu,d0C19dAYGK
mhaversoniu,hsizzeyiu@redcross.org,tFkdQuWWTQso
afirleiv,ljedrysikiv@nhs.uk,zHBrJPN3kl
lscrivensiw,lelneriw@mail.ru,9fsHoR
shutchingesix,pberfootix@wunderground.com,UevyJKU
vpettisiy,dmallabundiy@google.ru,Upn4xVK
jchomiszewskiiz,vdelaspeeiz@sogou.com,i2UBh1e
llampettj0,dlotheringtonj0@blinklist.com,KCLICI
blarradj1,jevamyj1@yandex.ru,usMsYV
tmcphelimj2,lattocj2@baidu.com,iq8bhl
bmahadyj3,dterzzaj3@mit.edu,fempFkm1
fabadj4,btwitteyj4@shop-pro.jp,rLWise5ll
lmalloyj5,wburlandj5@goo.gl,9EIOFJ5
cblachfordj6,ibamletj6@newyorker.com,qNTZvcZUH
bswadlenj7,lblumsomj7@ehow.com,IQoQCJDp2
tpepinj8,wbremleyj8@shinystat.com,fLc7RA
ealliottj9,ugrissj9@cyberchimps.com,i15fb28
fgrevilleja,dtebbuttja@bloomberg.com,D5SfEVreBrw
tmemmoryjb,echampkinsjb@auda.org.au,QrohAqA9d3
sminersjc,ibellijc@utexas.edu,JPWeVS
iphilottjd,cmauchlinejd@icio.us,gNgVc8
gconellyje,rmcnayje@upenn.edu,a1q3l9zti
cfenichjf,kziemsjf@cisco.com,w5xpKpJqvoGp
dtwiggerjg,aewertjg@parallels.com,K6pNd00V9LU
vdanheljh,csaunperjh@cdc.gov,wVKRjY
jcaponji,dregitzji@networkadvertising.org,jRZQjPK
nleyntonjj,ofarnonjj@is.gd,sPQ8TbJUmkw
pblowenjk,hdurtnelljk@zimbio.com,wc5uB8GshFY
gbraybrooksjl,fbocjl@ucla.edu,QrGb5qtAn0
milivejm,cbrobeckjm@google.com.au,XMWXRQ
emasseljn,rdomoneyjn@toplist.cz,Ohv6pIz
mtomaschkejo,cwethjo@desdev.cn,v6VMkenPM
amatsonjp,eackersjp@nps.gov,YeTzA2ouvw
ntartjq,vbattinjq@craigslist.org,zA9f4s
rlinkleterjr,qgurdenjr@amazon.co.uk,aGtPaY
ctuberfieldjs,bcastellonejs@zimbio.com,tBVSHhO7b
lheseyjt,chearseyjt@weather.com,QSCf9h4
rdominicacciju,jodooleyju@chron.com,uerry6QVfD91
mnotejv,ccleefjv@drupal.org,4fRvz8MGm
mtabourinjw,gbulmanjw@hao123.com,DQ5Yz6OsY
dclintjx,mlefriecjx@myspace.com,7crWxjd
mbattaillejy,ldafyddjy@columbia.edu,js0vJgV7
akiddejz,bmcandrewjz@va.gov,ZeKvgdjQD68w
mtappork0,jfancuttk0@amazon.com,CBPHNB
sjaumetk1,aarnik1@github.com,Z1G5Yl27Bi
hsweatmank2,bhebbsk2@sciencedaily.com,IClXkwnwLkjg
dglastonburyk3,sbanhamk3@google.com.br,19YsQ0UD
mkinsleyk4,fdorgonk4@dell.com,HcHNncbde
jfidellik5,splumbk5@canalblog.com,4wlJrS
cdownhamk6,hmccreedyk6@stumbleupon.com,heMy7NTkLG
cgertrayk7,bgeldertk7@auda.org.au,IudvRx
ealwoodk8,bwanellk8@meetup.com,tjxcQJk3J2b
ibunnerk9,knaisbyk9@bizjournals.com,rU1TmWcfI
cchoulertonka,cacostaka@about.me,iwTZWDkVg
bcrowdkb,epeetkb@statcounter.com,daoiInG
jmarskc,paskhamkc@about.com,xITgLJvqUIBw
bgirardinikd,amckinneykd@cmu.edu,1ZFJ1h37
ggelsthorpeke,rgwinnelke@last.fm,2dRPJHiRCl9
dkilnkf,mquilliamkf@ow.ly,K0kdXvbL
odmitrkg,vberfordkg@tamu.edu,69fKytpz23
csweetenhamkh,oplankkh@is.gd,TEp5D19c3sTB
fwhittamki,gpepperrallki@zimbio.com,8PHqG1SA
ispavenkj,lberriekj@edublogs.org,4NHFadP
gyousefkk,rhinrichskk@exblog.jp,p2Q8Pr
hgarnsworthykl,tfaccinikl@oracle.com,CdMqtMj
hboylandkm,mginnikm@boston.com,SzMsrsFH0
ahammankn,rpinnellkn@wiley.com,jZGYtCMOos
lbalfeko,vcraydenko@springer.com,EvI6pKrk0XFX
phighwaykp,icoatenkp@cargocollective.com,f3vzRt
egounetkq,eeadenkq@imageshack.us,9etlTwt
glinleykr,bbardekr@godaddy.com,PR2GVBqWh
mbrunaks,edeclerkks@macromedia.com,OafXp95JL2lk
cgoltkt,elangfordkt@unc.edu,vXFrkrFwBi
iabelovku,cquinnetku@scientificamerican.com,BdLusvWQF
agenickekv,jloverockkv@youku.com,7AgtirqLAp
pgrichukhanovkw,esylettkw@fotki.com,cRTx4Qs
cchippendalekx,nmackernesskx@sina.com.cn,meCrIvFgBn
dbiaggiky,jwheelikerky@state.gov,uYhwxjlEZQL
lfoltinkz,ayokz@bluehost.com,IVmR2EDWLJ0A
fhatryl0,aransfieldl0@ezinearticles.com,UkOlt8F78hHx
twildashl1,ahachel1@businessweek.com,GWGIOTQ
proistonel2,nlongforthl2@bravesites.com,0JKNVKvHtGl
acorgenvinl3,cskudderl3@shareasale.com,RZPnoVR5
plerohanl4,ltapporl4@intel.com,4RnF6xTO31q
jlaverackl5,ihaggerl5@dagondesign.com,LtPthAxAIu2M
edenricol6,pprobetl6@people.com.cn,Q3uAchkIJBf
jraspinl7,tsalvidgel7@ucoz.ru,Vkyrft621
etoffalonil8,toflynnl8@sitemeter.com,fbQ7Z9IN0WF
spegraml9,mmichelmorel9@cdbaby.com,X46Q8FWmY
whavilela,jcubbinellila@mozilla.org,40gr2sXKWmw
wconerslb,scocktonlb@google.ca,xNUPuaG
fhaddicklc,rforsbeylc@i2i.jp,Dq1kXi
wdubbleld,tbangiardld@ibm.com,I98xFfR
nflaunierle,vstebbingle@tuttocitta.it,TzJoTc
nduvallf,mhillinglf@eventbrite.com,QX3218R0FSfE
sfoxlg,chalseylg@fema.gov,KQ262Vrj
shenckelh,zseemmondslh@meetup.com,Qyh64olyu
cmcilwrickli,bhandlinli@weather.com,SSbW2eEs
dthurnerlj,khagstonelj@tiny.cc,J5HibwjvVtH
mrostronlk,llettylk@pcworld.com,JVeJ5eyqo
blodwigll,gbessantll@berkeley.edu,JrfrNeIcs3
ncumberlidgelm,htoobylm@mtv.com,E5lWlnsmo2
doboyleln,ptickln@blogs.com,hTb2nM3uGD
laddamslo,poughtonlo@sbwire.com,it641VAE1f
tscotchmurlp,rclairlp@wunderground.com,4ROiKFljn
halmonlq,kgarlandlq@wikipedia.org,TdaV29SFZ
hfinnemorelr,mgodthaablr@skype.com,WRWu6M
dmcgrudderls,mmcgrathls@hibu.com,8TqN8IG
cferrarottilt,nmcraveylt@comcast.net,mIWzSK
oandreopoloslu,ckisbeelu@uol.com.br,qUKhJ8i
pcreaseylv,aeisiglv@dropbox.com,fb9XIs
dwynnelw,oflowethlw@merriam-webster.com,8L9TZpxl5a
dswynelx,vjozwiaklx@utexas.edu,7AnwUV
kpownallly,cshatliffely@census.gov,9uoBDB
ehandrocklz,scanadaslz@dagondesign.com,Q5PxYcELh4
lbushrodm0,zseeksm0@buzzfeed.com,URLHe12Lq
erathkem1,vtreadawaym1@home.pl,Vtn0NdPg6D
mcoveleym2,mtoppasm2@ihg.com,Iul7YA
sdingm3,cinglesfieldm3@slashdot.org,9Fg5iUazaJa
gdanksm4,rconiberem4@cbsnews.com,2yB4uDg
gheggm5,vgradym5@lulu.com,Orer7yL
tscimonim6,rtwinberrowm6@etsy.com,pSUgmTviGg
dbauldm7,shawkinsm7@about.com,6Kc4MfI
sburberrym8,csanciasm8@edublogs.org,yvChkJUBwj
nnaisbetm9,mcratem9@nifty.com,lY5HO81u
gmeardonma,sbabbsma@sina.com.cn,WqLm1g4RHT
qmichelimb,ybraammb@mapquest.com,Vct4MqyuqwbJ
emccaddenmc,pclementetmc@si.edu,cQ0cOt
rportigallmd,fprobeymd@printfriendly.com,7rw4ayJr
kskitterelme,cdominicome@imdb.com,DHXFpwz
rlockhartmf,jberzenmf@unicef.org,RudAeoC
cwindibankmg,ygenckemg@yahoo.com,cxRFlt3eIN
sbruffmh,jlombardomh@skyrock.com,hxOODSy
bdosedalemi,jlonghornmi@google.pl,zI3GPuDkU
mtrusteymj,gdutteridgemj@stanford.edu,BYOcCdf3n
csmalesmk,ddaishmk@ifeng.com,41uJpE
clembrickml,ncourseml@canalblog.com,zir9aPcAHC6f
mfairliemm,sdoughterymm@amazonaws.com,5CgbAyVAbp
icrawleymn,geliassonmn@bandcamp.com,ywlBU3H
hjarrardmo,brichfordmo@mediafire.com,3vAMsUh
hmetrickmp,bscourgiemp@shareasale.com,2JHeh7FY
glampardmq,vmanwaringmq@prnewswire.com,XEYjA0q
rmusgravemr,pbernimr@sogou.com,xgzdT8mf
pkellawayms,etamplinms@over-blog.com,nsMREBGFVJ
dcassiusmt,csherlandmt@yandex.ru,TJULkfJl
cbriatmu,asalvinmu@elpais.com,drcsZ4N3j7E2
cinchanmv,bjaynemv@plala.or.jp,pr3Gct8xH4y
cedelermw,gmckerronmw@blinklist.com,NUFtgntge
mkingcotemx,chearnahmx@youku.com,bzCntFNBZ
rjarvismy,wlawlingsmy@domainmarket.com,jMyjXUXp9SkW
nsnellermz,vgreallymz@jimdo.com,Mf6jwrfyz
wgaroghann0,mgarrickn0@bluehost.com,D2Bqt4Lf7U
kislepn1,hjaquetn1@army.mil,RxUStn0n
mmengon2,pgoldsteinn2@gmpg.org,tqZjNqhp0l
bstearnn3,atroupn3@wix.com,W4o6B2PiVHa
hchootern4,ltimewelln4@woothemes.com,4QyCuJRXI
rtethacotn5,sstennern5@gravatar.com,gxJ7xVOonPy
xjoulen6,plargentn6@networksolutions.com,LIar76YRRZG4
ccooplandn7,lcrightonn7@admin.ch,oZXz6QaOK8gB
hshaven8,drobardleyn8@mapy.cz,CFtYIK4XuTSe
ablennerhassettn9,lvalen9@creativecommons.org,Lp6BZfjv
kchastandna,pwatshamna@shutterfly.com,6Xuy9cM
eleggennb,lmatthewnb@blogspot.com,CXSapWqtS0
tdeemingnc,bstoatenc@oracle.com,gHZc8p4mEF6
omaylardnd,mralestonend@dmoz.org,r6Zw7EgL
tpiwallne,rgeorgelinne@g.co,NFAPy4XO1Pce
hseamernf,cbertomenf@reddit.com,i48dnwiHwHCD
mvasilmanovng,iingryng@tinypic.com,ESHj8V
mkiddsnh,abenjefieldnh@si.edu,Av9MxhKTa
ppumphreyni,slatteyni@amazon.co.uk,6C5AC39aKFT
pgodfreynj,rderwinnj@t-online.de,zKFuBwsSwDF
bbellasnk,wwheblenk@washington.edu,ilGIphK9
oclemasnl,dshawnl@wp.com,ym9qJPAi
rpantrynm,dveelersnm@indiegogo.com,HoATuG3
rbehlingnn,edevannynn@baidu.com,TSvl53m
jromeno,hknightno@geocities.com,nCkqluN84
rbartholomieunp,bondrusnp@wp.com,uVMqLMV9ody
rlucusnq,bsouthersnq@parallels.com,MbCSZT39OCJ
draunnr,hpossellnr@github.com,tdeFUgSanNKF
rbaudessonns,fstuddertns@cbc.ca,BaMufBpV5fH
mhampernt,mjordansonnt@google.pl,RHH7oj
ewithinshawnu,dsouthwaynu@china.com.cn,Y4h9HYk
tedmansnv,hcrossbynv@who.int,ePO4Eqf3
aelwelnw,cferrersnw@comsenz.com,Z74OWB5jM
vdalwisnx,hbarrassnx@free.fr,KIqCMsf
jnewbattny,ebreckinny@hp.com,jRRBW9dp
kolivenz,iriallnz@geocities.jp,RbPnmeop
zdelacourto0,hestcourto0@simplemachines.org,DVR5ZbLPDt
cfitzgibbono1,cadiscoto1@sogou.com,XMvLGe
agherardescio2,tchaddocko2@pinterest.com,hOSrNE7Yj9Gi
efreearo3,efosseo3@lulu.com,5gzcVdM
kstartino4,medisono4@google.co.uk,aJRgNQo3wy
rredgateo5,chebbardo5@google.pl,2fLGKMS
losheildso6,cmccullagho6@wordpress.org,qog7sNs9aV
bmasereso7,ctarquinioo7@jugem.jp,SdV69y7
dorneblowo8,jshillamo8@blogtalkradio.com,vbWutz
dramiroo9,hmacsorleyo9@gizmodo.com,yFLzyZGkY
krookeoa,dhaversoa@dmoz.org,ohD93T2KdK
bwhiffinob,nloveredgeob@businesswire.com,rmpxRAZG42
szuppaoc,jgiddenoc@zdnet.com,auy9MH
ileggatod,kargabriteod@squarespace.com,0bRMlOY
abaumfordoe,rudeyoe@tinyurl.com,10OfI1
sespositaof,vsynnottof@scientificamerican.com,sFZARDGxscfx
ibathurstog,hpolleog@chronoengine.com,04haeMgQUw
kagatesoh,rdungeyoh@tuttocitta.it,V0KPAc1wDKLS
ikullmannoi,nlatimeroi@cisco.com,t6FeILYHt
khucksteppoj,jbeavenoj@free.fr,PK8ome
rmacterlaghok,wmicahok@webeden.co.uk,GLRVEfhUN
mharvieol,wmattackol@europa.eu,oPTAlpA
jcurrierom,tziemsom@hp.com,mTzecX
eguenyon,kivanon@hugedomains.com,rMTBBCPsN
lloutheaneoo,bloweroo@simplemachines.org,qunRoPi
japlinop,ringlissop@webs.com,M1xqVTUrASrl
mbrokeroq,kbozieroq@instagram.com,mLyShqVjk
kriemeor,mosipenkoor@dmoz.org,sOnjWkGFqI
acandieos,vgalletleyos@tmall.com,BcugBqE
jcroysdaleot,pkolodziejskiot@w3.org,5Nnwg7Vw8su
csperryou,sholburyou@illinois.edu,ZmAu5D
wgilbanksov,scolebyov@theglobeandmail.com,xdXpTd
fraouxow,snoyeow@cnn.com,qlqqPZmeEL
agabbox,mrigdenox@blog.com,dll5Kl7O
acopplestoneoy,gstockingoy@mediafire.com,7LCa3GwP
scansdalloz,csmalecombeoz@weebly.com,c4osfT53
bjessepp0,btimlinp0@walmart.com,hGo3zXN
cchettoep1,nbillinghamp1@stanford.edu,yzSM1K7iKtvF
jtheunissenp2,dmorewoodp2@printfriendly.com,dR8pt3
omullenderp3,rclinnickp3@naver.com,6l0RXKIzS
eautenp4,mmcgiffinp4@angelfire.com,oG3X4Yv
mtithecottp5,shulmesp5@i2i.jp,VZp2dG
kboschep6,eassirattip6@nyu.edu,Gfw7ZVjfq
nclampinp7,gkeadyp7@symantec.com,1VS0w87
rspencookp8,cpalingp8@noaa.gov,7kZ2XSF3
lscuttp9,hwittletonp9@archive.org,m72853
adornpa,dtarrierpa@forbes.com,57FfwF
lhuygepb,mtheispb@upenn.edu,n6pwBEP0lmiT
aluxtonpc,ystacypc@weather.com,kpRmxokpn4xV
ftruscottpd,gsummersonpd@jimdo.com,Hyuw54EZin4t
bhaylespe,rleghornpe@unblog.fr,1Rm9wY3vX
bbourpf,ldondonpf@qq.com,5dUI1WmNz2wn
kseaverspg,klaughreypg@samsung.com,QdlHwkYgU
cswangerph,plowndesph@cocolog-nifty.com,FBBqzGaQrc
ljelfspi,hmylanpi@list-manage.com,X6R7xKS
tdyterpj,eyglesiapj@gmpg.org,O6kZcqoR1uR
awornhampk,lboribalpk@cloudflare.com,JI7bW6oZmNz
lsmewingspl,restcourtpl@acquirethisname.com,aLa3ggbpLL
znewcomepm,sleblancpm@posterous.com,YaI3zqKJW1
blendrempn,apresswellpn@rambler.ru,MBHsTutBqdWj
wvicentpo,bmolyneauxpo@paypal.com,PPWIYKb8NrHP
lcanapp,jwheatleypp@printfriendly.com,bNAAr8m
khucklesbypq,lwiddockspq@sina.com.cn,Hyrp3hQ3
sskunespr,ashitliffepr@blogspot.com,UXFKgbVkO
fbartaluccips,dstotherfieldps@ask.com,V6GcJHd
gchannonpt,sharrowingpt@nps.gov,hufkWm
ldumelowpu,tfierropu@sina.com.cn,EjwSUEeVaUUC
bbuscombepv,nwoolfittpv@desdev.cn,qbtoxsYkRF
ledbrookepw,sbegginipw@photobucket.com,sAoZAHb0bM
efusterpx,aebbittpx@admin.ch,UiueeMRG
awhitneypy,jrebertpy@posterous.com,uyiCX9RNY
dcaseleypz,ngreensteadpz@twitpic.com,zbSExc
mstychq0,jcradickq0@blogger.com,8xFNbSK
wbayneq1,owaldrenq1@is.gd,mvhIv0
dhacunq2,kschiementzq2@xinhuanet.com,Nsf6bo
dgallifontq3,dwolfeq3@google.co.uk,cW7GnTcoPT
jgoaksq4,warghentq4@woothemes.com,a7pygpoc48
sborgarsq5,sosgerbyq5@deviantart.com,qaEChzyfBMa
klowderq6,tpetegrewq6@cargocollective.com,QT7VlB
gsikoraq7,ageakeq7@google.co.jp,74YuopXzn8t
rhawneyq8,mozintsevq8@over-blog.com,QmpYlv0T
mrudlandq9,smilhenchq9@examiner.com,H6acv3
rmouanqa,trushmerqa@ft.com,cEaJseI83mu
adelnevoqb,ddebillqb@freewebs.com,EYvXmGK
rmarcamqc,njavesqc@msn.com,dkKqlfbELM
asnodinqd,dgherarducciqd@wufoo.com,jIL54Pw
nscarrottqe,sbenningerqe@comsenz.com,vi0ANkfinOI
bserjentqf,jspellecyqf@symantec.com,dKUZErk2pL5
hlebarrqg,dspitellqg@blogger.com,vd1SnEVHI
dbrooksqh,tgoulthorpqh@examiner.com,v6XLqT1nqrw
rikringillqi,rcurthoysqi@ihg.com,cPy5gp0mlsUJ
gjowseyqj,jgilgrystqj@ifeng.com,KCc48kA
wlubomirskiqk,oanglessqk@moonfruit.com,HJQo2L
nweldrickql,dallanql@wix.com,6OucZMZkw
dpoveleqm,hastlingqm@tinyurl.com,5ziGful4
jdybleqn,ewaulkerqn@indiegogo.com,KIiEog7bF
spappsqo,kbogqo@sourceforge.net,CzU7wrRM
rbaalqp,kwittyqp@tumblr.com,7lA95AzvRJ
wgoterqq,mmalyonqq@so-net.ne.jp,AFzQj9spFME
rabotsonqr,rdeancywillisqr@goo.gl,jc6BFaH
kalbinqs,hbedinqs@bizjournals.com,eVNso3IAlw
pgledhillqt,jjehanqt@amazon.co.uk,6szcT0KRN7i
wjervoisqu,dpulferqu@instagram.com,4Tdg6o3uT8J
emcilmorowqv,tmaseyqv@clickbank.net,Wl5jiE
ncolgraveqw,hgekeqw@mozilla.com,XDZN1g
rmcteagueqx,rcusackqx@ycombinator.com,mujBZ2RYo0
stomovicqy,hfifootqy@bizjournals.com,JNiobCGyM0iQ
btonsleyqz,edanhelqz@netscape.com,fQKVZQ9Z
jreiachr0,jtolumellor0@wikispaces.com,j1tkh4c
tabdeer1,whaldinr1@sourceforge.net,E0x49vzttHh
crisdallr2,bmccaskillr2@tripod.com,oBBSBMF0Pjpz
ylidgertonr3,osalleirr3@vimeo.com,wMJuhjZm
dmcgawr4,kheppnerr4@cbsnews.com,Yr3KtDz
bbusherr5,hgaukrogerr5@ameblo.jp,2JlLtq
jsivernsr6,gfendleyr6@slideshare.net,iNqRoMj0atyQ
sgoodinger7,bjovasevicr7@etsy.com,vNrMrUd
xcrammyr8,aduntonr8@networksolutions.com,ALh6fU9l
rleipeltr9,dsagerr9@cbc.ca,QVZFaenJ5Hu
twogdonra,ekettemanra@netlog.com,tEEgRBG
kgoriolirb,rnorwichrb@symantec.com,hsPhhvuw
eskulletrc,tsinkingsrc@chicagotribune.com,k6MYtyPVYDzA
bkirtonrd,rwaleranrd@goo.ne.jp,aAvSiv
gemenyre,thaestierre@opera.com,UIs83ei
jhullinsrf,twilflingerrf@nature.com,2WGnGWE
rgodsonrg,schaferrg@ifeng.com,RUNkqLjJ
areamerh,ahowettrh@opensource.org,ufeBV8fSdHv
robertri,tfortmanri@i2i.jp,gOYli3
scrotchrj,fcapronrj@nhs.uk,qPWBPO
agalierork,dredmirerk@ihg.com,U2tiVujWv
lbyrchrl,awindlerl@wikipedia.org,NjwuYzl8Jh
etanguyrm,pcoburnrm@ftc.gov,yI2c1pYIkA
wswansonrn,adumbreckrn@washingtonpost.com,j7occkLx
bnewvellro,wjurgensenro@howstuffworks.com,P8soq1u
gfinlaisonrp,cwannanrp@slate.com,utIg7cZmFtZb
ccolliberrq,chandoverrq@plala.or.jp,75mi5OQCdI
bpoulstonrr,mpaintainrr@51.la,k5JWA7o4f
